images/003.jpg,62,511,74,532
images/003.jpg,68,521,82,536
images/003.jpg,37,521,49,536
images/003.jpg,186,509,197,527
images/003.jpg,193,504,206,521
images/003.jpg,146,511,159,525
images/003.jpg,254,498,272,511
images/003.jpg,281,501,293,518
images/003.jpg,289,498,303,510
images/004.jpg,480,488,506,516
images/004.jpg,404,491,416,504
images/004.jpg,416,491,428,504
images/004.jpg,254,500,267,512
images/005.jpg,551,479,584,509
images/005.jpg,216,504,234,521
images/005.jpg,136,513,151,527
images/006.jpg,539,495,566,516
images/006.jpg,490,490,507,507
images/006.jpg,450,493,479,515
images/006.jpg,294,500,310,521
images/006.jpg,274,505,288,524
images/006.jpg,243,503,270,533
images/006.jpg,640,470,659,494
images/006.jpg,609,482,634,497
images/006.jpg,359,497,377,514
images/006.jpg,990,445,1015,473
images/007.jpg,1195,435,1223,463
images/007.jpg,1249,421,1272,452
images/008.jpg,1045,469,1106,537
images/008.jpg,1085,443,1120,480
images/008.jpg,1175,422,1214,481
images/008.jpg,1219,438,1233,464
images/008.jpg,1128,435,1146,455
images/008.jpg,99,606,246,747
images/010.jpg,661,487,703,530
images/010.jpg,263,526,276,545
images/010.jpg,12,545,36,568
images/011.jpg,847,456,870,477
images/012.jpg,656,488,691,521
images/015.jpg,1139,428,1156,446
images/015.jpg,1152,432,1168,450
images/015.jpg,1121,435,1133,450
images/015.jpg,1215,429,1230,442
images/015.jpg,955,448,970,462
images/015.jpg,986,438,1010,452
images/017.jpg,713,471,745,500
images/017.jpg,748,472,766,489
images/017.jpg,859,478,887,508
images/017.jpg,938,450,970,479
images/022.jpg,1098,484,1128,517
images/022.jpg,958,493,976,509
images/023.jpg,699,491,717,515
images/023.jpg,753,496,774,512
images/023.jpg,809,493,827,509
images/023.jpg,841,496,858,518
images/023.jpg,1009,485,1023,509
images/023.jpg,896,492,915,507
images/023.jpg,1032,493,1049,507
images/023.jpg,1203,481,1217,496
images/024.jpg,830,501,871,542
images/024.jpg,876,498,905,531
images/024.jpg,952,499,980,523
images/024.jpg,1076,498,1103,531
images/024.jpg,1101,496,1119,518
images/024.jpg,1194,501,1215,529
images/024.jpg,1216,480,1232,507
images/024.jpg,1248,472,1272,506
images/025.jpg,474,506,510,544
images/025.jpg,433,500,453,527
images/025.jpg,397,499,425,531
images/025.jpg,323,499,347,520
images/025.jpg,552,504,568,528
images/025.jpg,581,508,600,535
images/025.jpg,628,508,646,523
images/025.jpg,664,504,683,526
images/025.jpg,695,514,715,537
images/025.jpg,900,506,919,521
images/025.jpg,719,512,733,522
images/028.jpg,629,520,717,594
images/028.jpg,849,517,908,580
images/028.jpg,1010,513,1044,562
images/028.jpg,1230,516,1267,577
images/028.jpg,1255,499,1280,541
images/029.jpg,175,477,188,498
images/029.jpg,179,487,197,502
images/029.jpg,255,486,270,505
images/029.jpg,292,483,303,500
images/029.jpg,102,478,117,495
images/029.jpg,128,483,139,497
images/029.jpg,83,474,95,492
images/029.jpg,26,475,40,488
images/029.jpg,13,467,3,490
images/031.jpg,342,496,368,519
images/031.jpg,313,489,328,514
images/031.jpg,227,489,262,516
images/031.jpg,180,488,192,501
images/031.jpg,90,480,107,504
images/031.jpg,80,473,99,499
images/031.jpg,49,477,69,494
images/032.jpg,91,476,111,507
images/032.jpg,74,469,88,499
images/032.jpg,50,479,69,508
images/034.jpg,1211,467,1262,535
images/034.jpg,1144,486,1169,509
images/043.jpg,788,488,813,520
images/043.jpg,719,477,733,496
images/045.jpg,580,450,592,467
images/045.jpg,565,450,576,465
images/046.jpg,598,469,635,512
images/046.jpg,814,485,879,560
images/046.jpg,808,487,827,507
images/046.jpg,802,480,821,496
images/046.jpg,737,476,762,498
images/046.jpg,462,470,491,496
images/047.jpg,248,414,262,433
images/047.jpg,155,407,169,425
images/048.jpg,544,455,556,472
images/048.jpg,565,470,577,483
images/048.jpg,784,475,802,500
images/048.jpg,751,476,769,496
images/048.jpg,813,478,833,501
images/048.jpg,832,482,827,493
images/048.jpg,881,485,897,497
images/048.jpg,898,485,919,504
images/048.jpg,951,488,975,505
images/049.jpg,604,464,624,493
images/049.jpg,580,468,595,489
images/049.jpg,469,451,490,467
images/049.jpg,387,452,402,468
images/049.jpg,752,481,773,503
images/049.jpg,725,475,737,497
images/049.jpg,775,480,793,503
images/049.jpg,855,480,879,504
images/049.jpg,886,490,900,513
images/049.jpg,902,491,917,508
images/049.jpg,951,497,971,515
images/050.jpg,706,476,724,498
images/050.jpg,722,467,748,497
images/050.jpg,742,481,768,498
images/050.jpg,803,490,814,500
images/050.jpg,614,470,635,486
images/050.jpg,574,466,590,487
images/050.jpg,463,452,480,472
images/050.jpg,449,455,465,477
images/050.jpg,394,443,413,466
images/050.jpg,301,442,314,455
images/050.jpg,586,471,601,480
images/053.jpg,408,440,429,465
images/053.jpg,337,449,356,465
images/053.jpg,299,438,315,456
images/053.jpg,281,439,295,455
images/056.jpg,270,455,296,480
images/058.jpg,402,449,426,475
images/058.jpg,27,469,50,492
images/059.jpg,239,457,254,475
images/059.jpg,39,506,17,532
images/060.jpg,749,454,783,493
images/060.jpg,254,480,277,496
images/062.jpg,1208,487,1233,516
images/066.jpg,1106,473,1129,498
images/066.jpg,1233,490,1255,518
images/066.jpg,1226,484,1241,506
images/066.jpg,1264,487,1279,519
images/066.jpg,1014,459,1029,481
images/066.jpg,924,464,940,483
images/067.jpg,831,453,848,482
images/067.jpg,806,455,820,474
images/067.jpg,953,462,963,482
images/067.jpg,979,464,1001,485
images/067.jpg,1003,466,1021,485
images/067.jpg,1080,464,1104,488
images/067.jpg,1101,471,1123,500
images/067.jpg,1118,468,1141,492
images/067.jpg,1176,478,1194,499
images/069.jpg,123,487,155,523
images/069.jpg,135,468,159,495
images/069.jpg,358,440,398,498
images/069.jpg,219,459,247,480
images/070.jpg,1046,466,1064,481
images/070.jpg,1078,469,1093,487
images/070.jpg,1157,472,1175,491
images/073.jpg,1215,423,1238,454
images/073.jpg,1239,423,1253,447
images/074.jpg,17,526,46,563
images/074.jpg,193,516,219,534
