images/075.jpg,1018,432,1060,463
images/075.jpg,1071,442,1088,466
images/075.jpg,947,451,969,473
images/075.jpg,879,460,903,473
images/077.jpg,616,464,639,492
images/077.jpg,535,487,554,504
images/077.jpg,475,484,489,508
images/077.jpg,501,483,519,500
images/078.jpg,820,451,833,471
images/078.jpg,840,456,854,471
images/079.jpg,730,501,776,547
images/079.jpg,1001,440,1041,482
images/079.jpg,1152,465,1215,542
images/079.jpg,1224,442,1257,486
images/084.jpg,190,486,219,510
images/084.jpg,166,498,190,522
images/084.jpg,53,478,74,513
images/084.jpg,47,484,58,498
images/086.jpg,1224,473,1250,500
images/086.jpg,1219,475,1234,490
images/094.jpg,942,494,978,531
images/094.jpg,1044,498,1070,527
images/094.jpg,1076,510,1102,541
images/096.jpg,747,473,762,491
images/097.jpg,885,497,902,525
images/097.jpg,1042,511,1068,542
images/097.jpg,1030,498,1049,527
images/097.jpg,1140,517,1159,543
images/098.jpg,194,456,229,490
images/098.jpg,138,477,164,511
images/098.jpg,19,487,51,522
images/099.jpg,126,485,159,511
images/099.jpg,190,454,216,492
images/099.jpg,17,490,44,522
images/100.jpg,324,465,346,488
images/100.jpg,345,458,356,477
images/103.jpg,662,440,695,475
images/103.jpg,624,442,638,467
images/103.jpg,816,436,843,471
images/103.jpg,843,454,860,478
images/104.jpg,461,452,488,472
images/104.jpg,432,452,447,472
